{
  "backup_time": "2025-08-02T09:14:12.132372",
  "database_name": "monman.db",
  "file_size": 212992,
  "tables": {
    "users": [
      {
        "name": "id",
        "type": "INTEGER",
        "not_null": 1,
        "primary_key": 1
      },
      {
        "name": "telegram_id",
        "type": "INTEGER",
        "not_null": 1,
        "primary_key": 0
      },
      {
        "name": "username",
        "type": "VARCHAR(100)",
        "not_null": 0,
        "primary_key": 0
      },
      {
        "name": "first_name",
        "type": "VARCHAR(100)",
        "not_null": 0,
        "primary_key": 0
      },
      {
        "name": "last_name",
        "type": "VARCHAR(100)",
        "not_null": 0,
        "primary_key": 0
      },
      {
        "name": "timezone",
        "type": "VARCHAR(50)",
        "not_null": 0,
        "primary_key": 0
      },
      {
        "name": "language",
        "type": "VARCHAR(10)",
        "not_null": 0,
        "primary_key": 0
      },
      {
        "name": "created_at",
        "type": "DATETIME",
        "not_null": 0,
        "primary_key": 0
      },
      {
        "name": "updated_at",
        "type": "DATETIME",
        "not_null": 0,
        "primary_key": 0
      },
      {
        "name": "last_activity",
        "type": "DATETIME",
        "not_null": 0,
        "primary_key": 0
      },
      {
        "name": "is_active",
        "type": "BOOLEAN",
        "not_null": 0,
        "primary_key": 0
      }
    ],
    "categories": [
      {
        "name": "id",
        "type": "INTEGER",
        "not_null": 1,
        "primary_key": 1
      },
      {
        "name": "name",
        "type": "VARCHAR(100)",
        "not_null": 1,
        "primary_key": 0
      },
      {
        "name": "type",
        "type": "VARCHAR(20)",
        "not_null": 1,
        "primary_key": 0
      },
      {
        "name": "icon",
        "type": "VARCHAR(10)",
        "not_null": 0,
        "primary_key": 0
      },
      {
        "name": "parent_id",
        "type": "INTEGER",
        "not_null": 0,
        "primary_key": 0
      },
      {
        "name": "is_system",
        "type": "BOOLEAN",
        "not_null": 0,
        "primary_key": 0
      },
      {
        "name": "is_active",
        "type": "BOOLEAN",
        "not_null": 0,
        "primary_key": 0
      },
      {
        "name": "created_at",
        "type": "DATETIME",
        "not_null": 0,
        "primary_key": 0
      }
    ],
    "wallets": [
      {
        "name": "id",
        "type": "INTEGER",
        "not_null": 1,
        "primary_key": 1
      },
      {
        "name": "user_id",
        "type": "INTEGER",
        "not_null": 1,
        "primary_key": 0
      },
      {
        "name": "name",
        "type": "VARCHAR(100)",
        "not_null": 1,
        "primary_key": 0
      },
      {
        "name": "type",
        "type": "VARCHAR(50)",
        "not_null": 1,
        "primary_key": 0
      },
      {
        "name": "balance",
        "type": "FLOAT",
        "not_null": 0,
        "primary_key": 0
      },
      {
        "name": "initial_balance",
        "type": "FLOAT",
        "not_null": 0,
        "primary_key": 0
      },
      {
        "name": "currency",
        "type": "VARCHAR(10)",
        "not_null": 0,
        "primary_key": 0
      },
      {
        "name": "description",
        "type": "VARCHAR(255)",
        "not_null": 0,
        "primary_key": 0
      },
      {
        "name": "is_active",
        "type": "BOOLEAN",
        "not_null": 0,
        "primary_key": 0
      },
      {
        "name": "created_at",
        "type": "DATETIME",
        "not_null": 0,
        "primary_key": 0
      },
      {
        "name": "updated_at",
        "type": "DATETIME",
        "not_null": 0,
        "primary_key": 0
      }
    ],
    "transactions": [
      {
        "name": "id",
        "type": "INTEGER",
        "not_null": 1,
        "primary_key": 1
      },
      {
        "name": "user_id",
        "type": "INTEGER",
        "not_null": 1,
        "primary_key": 0
      },
      {
        "name": "type",
        "type": "VARCHAR(20)",
        "not_null": 1,
        "primary_key": 0
      },
      {
        "name": "amount",
        "type": "FLOAT",
        "not_null": 1,
        "primary_key": 0
      },
      {
        "name": "description",
        "type": "VARCHAR(255)",
        "not_null": 0,
        "primary_key": 0
      },
      {
        "name": "category_id",
        "type": "INTEGER",
        "not_null": 0,
        "primary_key": 0
      },
      {
        "name": "from_wallet_id",
        "type": "INTEGER",
        "not_null": 0,
        "primary_key": 0
      },
      {
        "name": "to_wallet_id",
        "type": "INTEGER",
        "not_null": 0,
        "primary_key": 0
      },
      {
        "name": "transaction_date",
        "type": "DATETIME",
        "not_null": 0,
        "primary_key": 0
      },
      {
        "name": "created_at",
        "type": "DATETIME",
        "not_null": 0,
        "primary_key": 0
      },
      {
        "name": "notes",
        "type": "VARCHAR(500)",
        "not_null": 0,
        "primary_key": 0
      }
    ],
    "assets": [
      {
        "name": "id",
        "type": "INTEGER",
        "not_null": 1,
        "primary_key": 1
      },
      {
        "name": "user_id",
        "type": "INTEGER",
        "not_null": 1,
        "primary_key": 0
      },
      {
        "name": "wallet_id",
        "type": "INTEGER",
        "not_null": 1,
        "primary_key": 0
      },
      {
        "name": "asset_type",
        "type": "VARCHAR(20)",
        "not_null": 1,
        "primary_key": 0
      },
      {
        "name": "symbol",
        "type": "VARCHAR(20)",
        "not_null": 1,
        "primary_key": 0
      },
      {
        "name": "name",
        "type": "VARCHAR(100)",
        "not_null": 1,
        "primary_key": 0
      },
      {
        "name": "quantity",
        "type": "FLOAT",
        "not_null": 1,
        "primary_key": 0
      },
      {
        "name": "buy_price",
        "type": "FLOAT",
        "not_null": 1,
        "primary_key": 0
      },
      {
        "name": "last_price",
        "type": "FLOAT",
        "not_null": 0,
        "primary_key": 0
      },
      {
        "name": "return_value",
        "type": "FLOAT",
        "not_null": 0,
        "primary_key": 0
      },
      {
        "name": "return_percent",
        "type": "FLOAT",
        "not_null": 0,
        "primary_key": 0
      },
      {
        "name": "last_sync",
        "type": "DATETIME",
        "not_null": 0,
        "primary_key": 0
      },
      {
        "name": "is_active",
        "type": "BOOLEAN",
        "not_null": 0,
        "primary_key": 0
      },
      {
        "name": "created_at",
        "type": "DATETIME",
        "not_null": 0,
        "primary_key": 0
      },
      {
        "name": "updated_at",
        "type": "DATETIME",
        "not_null": 0,
        "primary_key": 0
      }
    ]
  },
  "record_counts": {
    "users": 1,
    "categories": 21,
    "wallets": 1,
    "transactions": 0,
    "assets": 1
  }
}